race,called
white,yes
white,yes
white,yes
white,yes
white,yes
white,yes
white,yes
white,yes
white,yes
white,yes
white,yes
white,yes
white,yes
white,yes
white,yes
white,yes
white,yes
white,yes
white,yes
white,yes
white,yes
white,yes
white,yes
white,yes
white,yes
white,yes
white,yes
white,yes
white,yes
white,yes
white,yes
white,yes
white,yes
white,yes
white,yes
white,yes
white,yes
white,yes
white,yes
white,yes
white,yes
white,yes
white,yes
white,yes
white,yes
white,yes
white,yes
white,yes
white,yes
white,yes
white,yes
white,yes
white,yes
white,yes
white,yes
white,yes
white,yes
white,yes
white,yes
white,yes
white,yes
white,yes
white,yes
white,yes
white,yes
white,yes
white,yes
white,yes
white,yes
white,yes
white,yes
white,yes
white,yes
white,yes
white,yes
white,yes
white,yes
white,yes
white,yes
white,yes
white,yes
white,yes
white,yes
white,yes
white,yes
white,yes
white,yes
white,yes
white,yes
white,yes
white,yes
white,yes
white,yes
white,yes
white,yes
white,yes
white,yes
white,yes
white,yes
white,yes
white,yes
white,yes
white,yes
white,yes
white,yes
white,yes
white,yes
white,yes
white,yes
white,yes
white,yes
white,yes
white,yes
white,yes
white,yes
white,yes
white,yes
white,yes
white,yes
white,yes
white,yes
white,yes
white,yes
white,yes
white,yes
white,yes
white,yes
white,yes
white,yes
white,yes
white,yes
white,yes
white,yes
white,yes
white,yes
white,yes
white,yes
white,yes
white,yes
white,yes
white,yes
white,yes
white,yes
white,yes
white,yes
white,yes
white,yes
white,yes
white,yes
white,yes
white,yes
white,yes
white,yes
white,yes
white,yes
white,yes
white,yes
white,yes
white,yes
white,yes
white,yes
white,yes
white,yes
white,yes
white,yes
white,yes
white,yes
white,yes
white,yes
white,yes
white,yes
white,yes
white,yes
white,yes
white,yes
white,yes
white,yes
white,yes
white,yes
white,yes
white,yes
white,yes
white,yes
white,yes
white,yes
white,yes
white,yes
white,yes
white,yes
white,yes
white,yes
white,yes
white,yes
white,yes
white,yes
white,yes
white,yes
white,yes
white,yes
white,yes
white,yes
white,yes
white,yes
white,yes
white,yes
white,yes
white,yes
white,yes
white,yes
white,yes
white,yes
white,yes
white,yes
white,yes
white,yes
white,yes
white,yes
white,yes
white,yes
white,yes
white,yes
white,yes
white,yes
white,yes
white,yes
white,yes
white,yes
white,yes
white,yes
white,yes
white,yes
white,yes
white,yes
white,yes
white,yes
white,yes
white,yes
white,yes
white,yes
white,yes
white,yes
white,yes
white,yes
white,yes
white,yes
white,yes
white,no
white,no
white,no
white,no
white,no
white,no
white,no
white,no
white,no
white,no
white,no
white,no
white,no
white,no
white,no
white,no
white,no
white,no
white,no
white,no
white,no
white,no
white,no
white,no
white,no
white,no
white,no
white,no
white,no
white,no
white,no
white,no
white,no
white,no
white,no
white,no
white,no
white,no
white,no
white,no
white,no
white,no
white,no
white,no
white,no
white,no
white,no
white,no
white,no
white,no
white,no
white,no
white,no
white,no
white,no
white,no
white,no
white,no
white,no
white,no
white,no
white,no
white,no
white,no
white,no
white,no
white,no
white,no
white,no
white,no
white,no
white,no
white,no
white,no
white,no
white,no
white,no
white,no
white,no
white,no
white,no
white,no
white,no
white,no
white,no
white,no
white,no
white,no
white,no
white,no
white,no
white,no
white,no
white,no
white,no
white,no
white,no
white,no
white,no
white,no
white,no
white,no
white,no
white,no
white,no
white,no
white,no
white,no
white,no
white,no
white,no
white,no
white,no
white,no
white,no
white,no
white,no
white,no
white,no
white,no
white,no
white,no
white,no
white,no
white,no
white,no
white,no
white,no
white,no
white,no
white,no
white,no
white,no
white,no
white,no
white,no
white,no
white,no
white,no
white,no
white,no
white,no
white,no
white,no
white,no
white,no
white,no
white,no
white,no
white,no
white,no
white,no
white,no
white,no
white,no
white,no
white,no
white,no
white,no
white,no
white,no
white,no
white,no
white,no
white,no
white,no
white,no
white,no
white,no
white,no
white,no
white,no
white,no
white,no
white,no
white,no
white,no
white,no
white,no
white,no
white,no
white,no
white,no
white,no
white,no
white,no
white,no
white,no
white,no
white,no
white,no
white,no
white,no
white,no
white,no
white,no
white,no
white,no
white,no
white,no
white,no
white,no
white,no
white,no
white,no
white,no
white,no
white,no
white,no
white,no
white,no
white,no
white,no
white,no
white,no
white,no
white,no
white,no
white,no
white,no
white,no
white,no
white,no
white,no
white,no
white,no
white,no
white,no
white,no
white,no
white,no
white,no
white,no
white,no
white,no
white,no
white,no
white,no
white,no
white,no
white,no
white,no
white,no
white,no
white,no
white,no
white,no
white,no
white,no
white,no
white,no
white,no
white,no
white,no
white,no
white,no
white,no
white,no
white,no
white,no
white,no
white,no
white,no
white,no
white,no
white,no
white,no
white,no
white,no
white,no
white,no
white,no
white,no
white,no
white,no
white,no
white,no
white,no
white,no
white,no
white,no
white,no
white,no
white,no
white,no
white,no
white,no
white,no
white,no
white,no
white,no
white,no
white,no
white,no
white,no
white,no
white,no
white,no
white,no
white,no
white,no
white,no
white,no
white,no
white,no
white,no
white,no
white,no
white,no
white,no
white,no
white,no
white,no
white,no
white,no
white,no
white,no
white,no
white,no
white,no
white,no
white,no
white,no
white,no
white,no
white,no
white,no
white,no
white,no
white,no
white,no
white,no
white,no
white,no
white,no
white,no
white,no
white,no
white,no
white,no
white,no
white,no
white,no
white,no
white,no
white,no
white,no
white,no
white,no
white,no
white,no
white,no
white,no
white,no
white,no
white,no
white,no
white,no
white,no
white,no
white,no
white,no
white,no
white,no
white,no
white,no
white,no
white,no
white,no
white,no
white,no
white,no
white,no
white,no
white,no
white,no
white,no
white,no
white,no
white,no
white,no
white,no
white,no
white,no
white,no
white,no
white,no
white,no
white,no
white,no
white,no
white,no
white,no
white,no
white,no
white,no
white,no
white,no
white,no
white,no
white,no
white,no
white,no
white,no
white,no
white,no
white,no
white,no
white,no
white,no
white,no
white,no
white,no
white,no
white,no
white,no
white,no
white,no
white,no
white,no
white,no
white,no
white,no
white,no
white,no
white,no
white,no
white,no
white,no
white,no
white,no
white,no
white,no
white,no
white,no
white,no
white,no
white,no
white,no
white,no
white,no
white,no
white,no
white,no
white,no
white,no
white,no
white,no
white,no
white,no
white,no
white,no
white,no
white,no
white,no
white,no
white,no
white,no
white,no
white,no
white,no
white,no
white,no
white,no
white,no
white,no
white,no
white,no
white,no
white,no
white,no
white,no
white,no
white,no
white,no
white,no
white,no
white,no
white,no
white,no
white,no
white,no
white,no
white,no
white,no
white,no
white,no
white,no
white,no
white,no
white,no
white,no
white,no
white,no
white,no
white,no
white,no
white,no
white,no
white,no
white,no
white,no
white,no
white,no
white,no
white,no
white,no
white,no
white,no
white,no
white,no
white,no
white,no
white,no
white,no
white,no
white,no
white,no
white,no
white,no
white,no
white,no
white,no
white,no
white,no
white,no
white,no
white,no
white,no
white,no
white,no
white,no
white,no
white,no
white,no
white,no
white,no
white,no
white,no
white,no
white,no
white,no
white,no
white,no
white,no
white,no
white,no
white,no
white,no
white,no
white,no
white,no
white,no
white,no
white,no
white,no
white,no
white,no
white,no
white,no
white,no
white,no
white,no
white,no
white,no
white,no
white,no
white,no
white,no
white,no
white,no
white,no
white,no
white,no
white,no
white,no
white,no
white,no
white,no
white,no
white,no
white,no
white,no
white,no
white,no
white,no
white,no
white,no
white,no
white,no
white,no
white,no
white,no
white,no
white,no
white,no
white,no
white,no
white,no
white,no
white,no
white,no
white,no
white,no
white,no
white,no
white,no
white,no
white,no
white,no
white,no
white,no
white,no
white,no
white,no
white,no
white,no
white,no
white,no
white,no
white,no
white,no
white,no
white,no
white,no
white,no
white,no
white,no
white,no
white,no
white,no
white,no
white,no
white,no
white,no
white,no
white,no
white,no
white,no
white,no
white,no
white,no
white,no
white,no
white,no
white,no
white,no
white,no
white,no
white,no
white,no
white,no
white,no
white,no
white,no
white,no
white,no
white,no
white,no
white,no
white,no
white,no
white,no
white,no
white,no
white,no
white,no
white,no
white,no
white,no
white,no
white,no
white,no
white,no
white,no
white,no
white,no
white,no
white,no
white,no
white,no
white,no
white,no
white,no
white,no
white,no
white,no
white,no
white,no
white,no
white,no
white,no
white,no
white,no
white,no
white,no
white,no
white,no
white,no
white,no
white,no
white,no
white,no
white,no
white,no
white,no
white,no
white,no
white,no
white,no
white,no
white,no
white,no
white,no
white,no
white,no
white,no
white,no
white,no
white,no
white,no
white,no
white,no
white,no
white,no
white,no
white,no
white,no
white,no
white,no
white,no
white,no
white,no
white,no
white,no
white,no
white,no
white,no
white,no
white,no
white,no
white,no
white,no
white,no
white,no
white,no
white,no
white,no
white,no
white,no
white,no
white,no
white,no
white,no
white,no
white,no
white,no
white,no
white,no
white,no
white,no
white,no
white,no
white,no
white,no
white,no
white,no
white,no
white,no
white,no
white,no
white,no
white,no
white,no
white,no
white,no
white,no
white,no
white,no
white,no
white,no
white,no
white,no
white,no
white,no
white,no
white,no
white,no
white,no
white,no
white,no
white,no
white,no
white,no
white,no
white,no
white,no
white,no
white,no
white,no
white,no
white,no
white,no
white,no
white,no
white,no
white,no
white,no
white,no
white,no
white,no
white,no
white,no
white,no
white,no
white,no
white,no
white,no
white,no
white,no
white,no
white,no
white,no
white,no
white,no
white,no
white,no
white,no
white,no
white,no
white,no
white,no
white,no
white,no
white,no
white,no
white,no
white,no
white,no
white,no
white,no
white,no
white,no
white,no
white,no
white,no
white,no
white,no
white,no
white,no
white,no
white,no
white,no
white,no
white,no
white,no
white,no
white,no
white,no
white,no
white,no
white,no
white,no
white,no
white,no
white,no
white,no
white,no
white,no
white,no
white,no
white,no
white,no
white,no
white,no
white,no
white,no
white,no
white,no
white,no
white,no
white,no
white,no
white,no
white,no
white,no
white,no
white,no
white,no
white,no
white,no
white,no
white,no
white,no
white,no
white,no
white,no
white,no
white,no
white,no
white,no
white,no
white,no
white,no
white,no
white,no
white,no
white,no
white,no
white,no
white,no
white,no
white,no
white,no
white,no
white,no
white,no
white,no
white,no
white,no
white,no
white,no
white,no
white,no
white,no
white,no
white,no
white,no
white,no
white,no
white,no
white,no
white,no
white,no
white,no
white,no
white,no
white,no
white,no
white,no
white,no
white,no
white,no
white,no
white,no
white,no
white,no
white,no
white,no
white,no
white,no
white,no
white,no
white,no
white,no
white,no
white,no
white,no
white,no
white,no
white,no
white,no
white,no
white,no
white,no
white,no
white,no
white,no
white,no
white,no
white,no
white,no
white,no
white,no
white,no
white,no
white,no
white,no
white,no
white,no
white,no
white,no
white,no
white,no
white,no
white,no
white,no
white,no
white,no
white,no
white,no
white,no
white,no
white,no
white,no
white,no
white,no
white,no
white,no
white,no
white,no
white,no
white,no
white,no
white,no
white,no
white,no
white,no
white,no
white,no
white,no
white,no
white,no
white,no
white,no
white,no
white,no
white,no
white,no
white,no
white,no
white,no
white,no
white,no
white,no
white,no
white,no
white,no
white,no
white,no
white,no
white,no
white,no
white,no
white,no
white,no
white,no
white,no
white,no
white,no
white,no
white,no
white,no
white,no
white,no
white,no
white,no
white,no
white,no
white,no
white,no
white,no
white,no
white,no
white,no
white,no
white,no
white,no
white,no
white,no
white,no
white,no
white,no
white,no
white,no
white,no
white,no
white,no
white,no
white,no
white,no
white,no
white,no
white,no
white,no
white,no
white,no
white,no
white,no
white,no
white,no
white,no
white,no
white,no
white,no
white,no
white,no
white,no
white,no
white,no
white,no
white,no
white,no
white,no
white,no
white,no
white,no
white,no
white,no
white,no
white,no
white,no
white,no
white,no
white,no
white,no
white,no
white,no
white,no
white,no
white,no
white,no
white,no
white,no
white,no
white,no
white,no
white,no
white,no
white,no
white,no
white,no
white,no
white,no
white,no
white,no
white,no
white,no
white,no
white,no
white,no
white,no
white,no
white,no
white,no
white,no
white,no
white,no
white,no
white,no
white,no
white,no
white,no
white,no
white,no
white,no
white,no
white,no
white,no
white,no
white,no
white,no
white,no
white,no
white,no
white,no
white,no
white,no
white,no
white,no
white,no
white,no
white,no
white,no
white,no
white,no
white,no
white,no
white,no
white,no
white,no
white,no
white,no
white,no
white,no
white,no
white,no
white,no
white,no
white,no
white,no
white,no
white,no
white,no
white,no
white,no
white,no
white,no
white,no
white,no
white,no
white,no
white,no
white,no
white,no
white,no
white,no
white,no
white,no
white,no
white,no
white,no
white,no
white,no
white,no
white,no
white,no
white,no
white,no
white,no
white,no
white,no
white,no
white,no
white,no
white,no
white,no
white,no
white,no
white,no
white,no
white,no
white,no
white,no
white,no
white,no
white,no
white,no
white,no
white,no
white,no
white,no
white,no
white,no
white,no
white,no
white,no
white,no
white,no
white,no
white,no
white,no
white,no
white,no
white,no
white,no
white,no
white,no
white,no
white,no
white,no
white,no
white,no
white,no
white,no
white,no
white,no
white,no
white,no
white,no
white,no
white,no
white,no
white,no
white,no
white,no
white,no
white,no
white,no
white,no
white,no
white,no
white,no
white,no
white,no
white,no
white,no
white,no
white,no
white,no
white,no
white,no
white,no
white,no
white,no
white,no
white,no
white,no
white,no
white,no
white,no
white,no
white,no
white,no
white,no
white,no
white,no
white,no
white,no
white,no
white,no
white,no
white,no
white,no
white,no
white,no
white,no
white,no
white,no
white,no
white,no
white,no
white,no
white,no
white,no
white,no
white,no
white,no
white,no
white,no
white,no
white,no
white,no
white,no
white,no
white,no
white,no
white,no
white,no
white,no
white,no
white,no
white,no
white,no
white,no
white,no
white,no
white,no
white,no
white,no
white,no
white,no
white,no
white,no
white,no
white,no
white,no
white,no
white,no
white,no
white,no
white,no
white,no
white,no
white,no
white,no
white,no
white,no
white,no
white,no
white,no
white,no
white,no
white,no
white,no
white,no
white,no
white,no
white,no
white,no
white,no
white,no
white,no
white,no
white,no
white,no
white,no
white,no
white,no
white,no
white,no
white,no
white,no
white,no
white,no
white,no
white,no
white,no
white,no
white,no
white,no
white,no
white,no
white,no
white,no
white,no
white,no
white,no
white,no
white,no
white,no
white,no
white,no
white,no
white,no
white,no
white,no
white,no
white,no
white,no
white,no
white,no
white,no
white,no
white,no
white,no
white,no
white,no
white,no
white,no
white,no
white,no
white,no
white,no
white,no
white,no
white,no
white,no
white,no
white,no
white,no
white,no
white,no
white,no
white,no
white,no
white,no
white,no
white,no
white,no
white,no
white,no
white,no
white,no
white,no
white,no
white,no
white,no
white,no
white,no
white,no
white,no
white,no
white,no
white,no
white,no
white,no
white,no
white,no
white,no
white,no
white,no
white,no
white,no
white,no
white,no
white,no
white,no
white,no
white,no
white,no
white,no
white,no
white,no
white,no
white,no
white,no
white,no
white,no
white,no
white,no
white,no
white,no
white,no
white,no
white,no
white,no
white,no
white,no
white,no
white,no
white,no
white,no
white,no
white,no
white,no
white,no
white,no
white,no
white,no
white,no
white,no
white,no
white,no
white,no
white,no
white,no
white,no
white,no
white,no
white,no
white,no
white,no
white,no
white,no
white,no
white,no
white,no
white,no
white,no
white,no
white,no
white,no
white,no
white,no
white,no
white,no
white,no
white,no
white,no
white,no
white,no
white,no
white,no
white,no
white,no
white,no
white,no
white,no
white,no
white,no
white,no
white,no
white,no
white,no
white,no
white,no
white,no
white,no
white,no
white,no
white,no
white,no
white,no
white,no
white,no
white,no
white,no
white,no
white,no
white,no
white,no
white,no
white,no
white,no
white,no
white,no
white,no
white,no
white,no
white,no
white,no
white,no
white,no
white,no
white,no
white,no
white,no
white,no
white,no
white,no
white,no
white,no
white,no
white,no
white,no
white,no
white,no
white,no
white,no
white,no
white,no
white,no
white,no
white,no
white,no
white,no
white,no
white,no
white,no
white,no
white,no
white,no
white,no
white,no
white,no
white,no
white,no
white,no
white,no
white,no
white,no
white,no
white,no
white,no
white,no
white,no
white,no
white,no
white,no
white,no
white,no
white,no
white,no
white,no
white,no
white,no
white,no
white,no
white,no
white,no
white,no
white,no
white,no
white,no
white,no
white,no
white,no
white,no
white,no
white,no
white,no
white,no
white,no
white,no
white,no
white,no
white,no
white,no
white,no
white,no
white,no
white,no
white,no
white,no
white,no
white,no
white,no
white,no
white,no
white,no
white,no
white,no
white,no
white,no
white,no
white,no
white,no
white,no
white,no
white,no
white,no
white,no
white,no
white,no
white,no
white,no
white,no
white,no
white,no
white,no
white,no
white,no
white,no
white,no
white,no
white,no
white,no
white,no
white,no
white,no
white,no
white,no
white,no
white,no
white,no
white,no
white,no
white,no
white,no
white,no
white,no
white,no
white,no
white,no
white,no
white,no
white,no
white,no
white,no
white,no
white,no
white,no
white,no
white,no
white,no
white,no
white,no
white,no
white,no
white,no
white,no
white,no
white,no
white,no
white,no
white,no
white,no
white,no
white,no
white,no
white,no
white,no
white,no
white,no
white,no
white,no
white,no
white,no
white,no
white,no
white,no
white,no
white,no
white,no
white,no
white,no
white,no
white,no
white,no
white,no
white,no
white,no
white,no
white,no
white,no
white,no
white,no
white,no
white,no
white,no
white,no
white,no
white,no
white,no
white,no
white,no
white,no
white,no
white,no
white,no
white,no
white,no
white,no
white,no
white,no
white,no
white,no
white,no
white,no
white,no
white,no
white,no
white,no
white,no
white,no
white,no
white,no
white,no
white,no
white,no
white,no
white,no
white,no
white,no
white,no
white,no
white,no
white,no
white,no
white,no
white,no
white,no
white,no
white,no
white,no
white,no
white,no
white,no
white,no
white,no
white,no
white,no
white,no
white,no
white,no
white,no
white,no
white,no
white,no
white,no
white,no
white,no
white,no
white,no
white,no
white,no
white,no
white,no
white,no
white,no
white,no
white,no
white,no
white,no
white,no
white,no
white,no
white,no
white,no
white,no
white,no
white,no
white,no
white,no
white,no
white,no
white,no
white,no
white,no
white,no
white,no
white,no
white,no
white,no
white,no
white,no
white,no
white,no
white,no
white,no
white,no
white,no
white,no
white,no
white,no
white,no
white,no
white,no
white,no
white,no
white,no
white,no
white,no
white,no
white,no
white,no
white,no
white,no
white,no
white,no
white,no
white,no
white,no
white,no
white,no
white,no
white,no
white,no
white,no
white,no
white,no
white,no
white,no
white,no
white,no
white,no
white,no
white,no
white,no
white,no
white,no
white,no
white,no
white,no
white,no
white,no
white,no
white,no
white,no
white,no
white,no
white,no
white,no
white,no
white,no
white,no
white,no
white,no
white,no
white,no
white,no
white,no
white,no
white,no
white,no
white,no
white,no
white,no
white,no
white,no
white,no
white,no
white,no
white,no
white,no
white,no
white,no
white,no
white,no
white,no
white,no
white,no
white,no
white,no
white,no
white,no
white,no
white,no
white,no
white,no
white,no
white,no
white,no
white,no
white,no
white,no
white,no
white,no
white,no
white,no
white,no
white,no
white,no
white,no
white,no
white,no
white,no
white,no
white,no
white,no
white,no
white,no
white,no
white,no
white,no
white,no
white,no
white,no
white,no
white,no
white,no
white,no
white,no
white,no
white,no
white,no
white,no
white,no
white,no
white,no
white,no
white,no
white,no
white,no
white,no
white,no
white,no
white,no
white,no
white,no
white,no
white,no
white,no
white,no
white,no
white,no
white,no
white,no
white,no
white,no
white,no
white,no
white,no
white,no
white,no
white,no
white,no
white,no
white,no
white,no
white,no
white,no
white,no
white,no
white,no
white,no
white,no
white,no
white,no
white,no
white,no
white,no
white,no
white,no
white,no
white,no
white,no
white,no
white,no
white,no
white,no
white,no
white,no
white,no
white,no
white,no
white,no
white,no
white,no
white,no
white,no
white,no
white,no
white,no
white,no
white,no
white,no
white,no
white,no
white,no
white,no
white,no
white,no
white,no
white,no
white,no
white,no
white,no
white,no
white,no
white,no
white,no
white,no
white,no
white,no
white,no
white,no
white,no
white,no
white,no
white,no
white,no
white,no
white,no
white,no
white,no
white,no
white,no
white,no
white,no
white,no
white,no
white,no
white,no
white,no
white,no
white,no
white,no
white,no
white,no
white,no
white,no
white,no
white,no
white,no
white,no
white,no
white,no
white,no
white,no
white,no
white,no
white,no
white,no
white,no
white,no
white,no
white,no
white,no
white,no
white,no
white,no
white,no
white,no
white,no
white,no
white,no
white,no
white,no
white,no
white,no
white,no
white,no
white,no
white,no
white,no
white,no
white,no
white,no
white,no
white,no
white,no
white,no
white,no
white,no
white,no
white,no
white,no
white,no
white,no
white,no
white,no
white,no
white,no
white,no
white,no
white,no
white,no
white,no
white,no
white,no
white,no
white,no
white,no
white,no
white,no
white,no
white,no
white,no
white,no
white,no
white,no
white,no
white,no
white,no
white,no
white,no
white,no
white,no
white,no
white,no
white,no
white,no
white,no
white,no
white,no
white,no
white,no
white,no
white,no
white,no
white,no
white,no
white,no
white,no
white,no
white,no
white,no
black,yes
black,yes
black,yes
black,yes
black,yes
black,yes
black,yes
black,yes
black,yes
black,yes
black,yes
black,yes
black,yes
black,yes
black,yes
black,yes
black,yes
black,yes
black,yes
black,yes
black,yes
black,yes
black,yes
black,yes
black,yes
black,yes
black,yes
black,yes
black,yes
black,yes
black,yes
black,yes
black,yes
black,yes
black,yes
black,yes
black,yes
black,yes
black,yes
black,yes
black,yes
black,yes
black,yes
black,yes
black,yes
black,yes
black,yes
black,yes
black,yes
black,yes
black,yes
black,yes
black,yes
black,yes
black,yes
black,yes
black,yes
black,yes
black,yes
black,yes
black,yes
black,yes
black,yes
black,yes
black,yes
black,yes
black,yes
black,yes
black,yes
black,yes
black,yes
black,yes
black,yes
black,yes
black,yes
black,yes
black,yes
black,yes
black,yes
black,yes
black,yes
black,yes
black,yes
black,yes
black,yes
black,yes
black,yes
black,yes
black,yes
black,yes
black,yes
black,yes
black,yes
black,yes
black,yes
black,yes
black,yes
black,yes
black,yes
black,yes
black,yes
black,yes
black,yes
black,yes
black,yes
black,yes
black,yes
black,yes
black,yes
black,yes
black,yes
black,yes
black,yes
black,yes
black,yes
black,yes
black,yes
black,yes
black,yes
black,yes
black,yes
black,yes
black,yes
black,yes
black,yes
black,yes
black,yes
black,yes
black,yes
black,yes
black,yes
black,yes
black,yes
black,yes
black,yes
black,yes
black,yes
black,yes
black,yes
black,yes
black,yes
black,yes
black,yes
black,yes
black,yes
black,yes
black,yes
black,yes
black,yes
black,yes
black,yes
black,yes
black,yes
black,yes
black,yes
black,yes
black,yes
black,yes
black,yes
black,yes
black,yes
black,yes
black,yes
black,yes
black,no
black,no
black,no
black,no
black,no
black,no
black,no
black,no
black,no
black,no
black,no
black,no
black,no
black,no
black,no
black,no
black,no
black,no
black,no
black,no
black,no
black,no
black,no
black,no
black,no
black,no
black,no
black,no
black,no
black,no
black,no
black,no
black,no
black,no
black,no
black,no
black,no
black,no
black,no
black,no
black,no
black,no
black,no
black,no
black,no
black,no
black,no
black,no
black,no
black,no
black,no
black,no
black,no
black,no
black,no
black,no
black,no
black,no
black,no
black,no
black,no
black,no
black,no
black,no
black,no
black,no
black,no
black,no
black,no
black,no
black,no
black,no
black,no
black,no
black,no
black,no
black,no
black,no
black,no
black,no
black,no
black,no
black,no
black,no
black,no
black,no
black,no
black,no
black,no
black,no
black,no
black,no
black,no
black,no
black,no
black,no
black,no
black,no
black,no
black,no
black,no
black,no
black,no
black,no
black,no
black,no
black,no
black,no
black,no
black,no
black,no
black,no
black,no
black,no
black,no
black,no
black,no
black,no
black,no
black,no
black,no
black,no
black,no
black,no
black,no
black,no
black,no
black,no
black,no
black,no
black,no
black,no
black,no
black,no
black,no
black,no
black,no
black,no
black,no
black,no
black,no
black,no
black,no
black,no
black,no
black,no
black,no
black,no
black,no
black,no
black,no
black,no
black,no
black,no
black,no
black,no
black,no
black,no
black,no
black,no
black,no
black,no
black,no
black,no
black,no
black,no
black,no
black,no
black,no
black,no
black,no
black,no
black,no
black,no
black,no
black,no
black,no
black,no
black,no
black,no
black,no
black,no
black,no
black,no
black,no
black,no
black,no
black,no
black,no
black,no
black,no
black,no
black,no
black,no
black,no
black,no
black,no
black,no
black,no
black,no
black,no
black,no
black,no
black,no
black,no
black,no
black,no
black,no
black,no
black,no
black,no
black,no
black,no
black,no
black,no
black,no
black,no
black,no
black,no
black,no
black,no
black,no
black,no
black,no
black,no
black,no
black,no
black,no
black,no
black,no
black,no
black,no
black,no
black,no
black,no
black,no
black,no
black,no
black,no
black,no
black,no
black,no
black,no
black,no
black,no
black,no
black,no
black,no
black,no
black,no
black,no
black,no
black,no
black,no
black,no
black,no
black,no
black,no
black,no
black,no
black,no
black,no
black,no
black,no
black,no
black,no
black,no
black,no
black,no
black,no
black,no
black,no
black,no
black,no
black,no
black,no
black,no
black,no
black,no
black,no
black,no
black,no
black,no
black,no
black,no
black,no
black,no
black,no
black,no
black,no
black,no
black,no
black,no
black,no
black,no
black,no
black,no
black,no
black,no
black,no
black,no
black,no
black,no
black,no
black,no
black,no
black,no
black,no
black,no
black,no
black,no
black,no
black,no
black,no
black,no
black,no
black,no
black,no
black,no
black,no
black,no
black,no
black,no
black,no
black,no
black,no
black,no
black,no
black,no
black,no
black,no
black,no
black,no
black,no
black,no
black,no
black,no
black,no
black,no
black,no
black,no
black,no
black,no
black,no
black,no
black,no
black,no
black,no
black,no
black,no
black,no
black,no
black,no
black,no
black,no
black,no
black,no
black,no
black,no
black,no
black,no
black,no
black,no
black,no
black,no
black,no
black,no
black,no
black,no
black,no
black,no
black,no
black,no
black,no
black,no
black,no
black,no
black,no
black,no
black,no
black,no
black,no
black,no
black,no
black,no
black,no
black,no
black,no
black,no
black,no
black,no
black,no
black,no
black,no
black,no
black,no
black,no
black,no
black,no
black,no
black,no
black,no
black,no
black,no
black,no
black,no
black,no
black,no
black,no
black,no
black,no
black,no
black,no
black,no
black,no
black,no
black,no
black,no
black,no
black,no
black,no
black,no
black,no
black,no
black,no
black,no
black,no
black,no
black,no
black,no
black,no
black,no
black,no
black,no
black,no
black,no
black,no
black,no
black,no
black,no
black,no
black,no
black,no
black,no
black,no
black,no
black,no
black,no
black,no
black,no
black,no
black,no
black,no
black,no
black,no
black,no
black,no
black,no
black,no
black,no
black,no
black,no
black,no
black,no
black,no
black,no
black,no
black,no
black,no
black,no
black,no
black,no
black,no
black,no
black,no
black,no
black,no
black,no
black,no
black,no
black,no
black,no
black,no
black,no
black,no
black,no
black,no
black,no
black,no
black,no
black,no
black,no
black,no
black,no
black,no
black,no
black,no
black,no
black,no
black,no
black,no
black,no
black,no
black,no
black,no
black,no
black,no
black,no
black,no
black,no
black,no
black,no
black,no
black,no
black,no
black,no
black,no
black,no
black,no
black,no
black,no
black,no
black,no
black,no
black,no
black,no
black,no
black,no
black,no
black,no
black,no
black,no
black,no
black,no
black,no
black,no
black,no
black,no
black,no
black,no
black,no
black,no
black,no
black,no
black,no
black,no
black,no
black,no
black,no
black,no
black,no
black,no
black,no
black,no
black,no
black,no
black,no
black,no
black,no
black,no
black,no
black,no
black,no
black,no
black,no
black,no
black,no
black,no
black,no
black,no
black,no
black,no
black,no
black,no
black,no
black,no
black,no
black,no
black,no
black,no
black,no
black,no
black,no
black,no
black,no
black,no
black,no
black,no
black,no
black,no
black,no
black,no
black,no
black,no
black,no
black,no
black,no
black,no
black,no
black,no
black,no
black,no
black,no
black,no
black,no
black,no
black,no
black,no
black,no
black,no
black,no
black,no
black,no
black,no
black,no
black,no
black,no
black,no
black,no
black,no
black,no
black,no
black,no
black,no
black,no
black,no
black,no
black,no
black,no
black,no
black,no
black,no
black,no
black,no
black,no
black,no
black,no
black,no
black,no
black,no
black,no
black,no
black,no
black,no
black,no
black,no
black,no
black,no
black,no
black,no
black,no
black,no
black,no
black,no
black,no
black,no
black,no
black,no
black,no
black,no
black,no
black,no
black,no
black,no
black,no
black,no
black,no
black,no
black,no
black,no
black,no
black,no
black,no
black,no
black,no
black,no
black,no
black,no
black,no
black,no
black,no
black,no
black,no
black,no
black,no
black,no
black,no
black,no
black,no
black,no
black,no
black,no
black,no
black,no
black,no
black,no
black,no
black,no
black,no
black,no
black,no
black,no
black,no
black,no
black,no
black,no
black,no
black,no
black,no
black,no
black,no
black,no
black,no
black,no
black,no
black,no
black,no
black,no
black,no
black,no
black,no
black,no
black,no
black,no
black,no
black,no
black,no
black,no
black,no
black,no
black,no
black,no
black,no
black,no
black,no
black,no
black,no
black,no
black,no
black,no
black,no
black,no
black,no
black,no
black,no
black,no
black,no
black,no
black,no
black,no
black,no
black,no
black,no
black,no
black,no
black,no
black,no
black,no
black,no
black,no
black,no
black,no
black,no
black,no
black,no
black,no
black,no
black,no
black,no
black,no
black,no
black,no
black,no
black,no
black,no
black,no
black,no
black,no
black,no
black,no
black,no
black,no
black,no
black,no
black,no
black,no
black,no
black,no
black,no
black,no
black,no
black,no
black,no
black,no
black,no
black,no
black,no
black,no
black,no
black,no
black,no
black,no
black,no
black,no
black,no
black,no
black,no
black,no
black,no
black,no
black,no
black,no
black,no
black,no
black,no
black,no
black,no
black,no
black,no
black,no
black,no
black,no
black,no
black,no
black,no
black,no
black,no
black,no
black,no
black,no
black,no
black,no
black,no
black,no
black,no
black,no
black,no
black,no
black,no
black,no
black,no
black,no
black,no
black,no
black,no
black,no
black,no
black,no
black,no
black,no
black,no
black,no
black,no
black,no
black,no
black,no
black,no
black,no
black,no
black,no
black,no
black,no
black,no
black,no
black,no
black,no
black,no
black,no
black,no
black,no
black,no
black,no
black,no
black,no
black,no
black,no
black,no
black,no
black,no
black,no
black,no
black,no
black,no
black,no
black,no
black,no
black,no
black,no
black,no
black,no
black,no
black,no
black,no
black,no
black,no
black,no
black,no
black,no
black,no
black,no
black,no
black,no
black,no
black,no
black,no
black,no
black,no
black,no
black,no
black,no
black,no
black,no
black,no
black,no
black,no
black,no
black,no
black,no
black,no
black,no
black,no
black,no
black,no
black,no
black,no
black,no
black,no
black,no
black,no
black,no
black,no
black,no
black,no
black,no
black,no
black,no
black,no
black,no
black,no
black,no
black,no
black,no
black,no
black,no
black,no
black,no
black,no
black,no
black,no
black,no
black,no
black,no
black,no
black,no
black,no
black,no
black,no
black,no
black,no
black,no
black,no
black,no
black,no
black,no
black,no
black,no
black,no
black,no
black,no
black,no
black,no
black,no
black,no
black,no
black,no
black,no
black,no
black,no
black,no
black,no
black,no
black,no
black,no
black,no
black,no
black,no
black,no
black,no
black,no
black,no
black,no
black,no
black,no
black,no
black,no
black,no
black,no
black,no
black,no
black,no
black,no
black,no
black,no
black,no
black,no
black,no
black,no
black,no
black,no
black,no
black,no
black,no
black,no
black,no
black,no
black,no
black,no
black,no
black,no
black,no
black,no
black,no
black,no
black,no
black,no
black,no
black,no
black,no
black,no
black,no
black,no
black,no
black,no
black,no
black,no
black,no
black,no
black,no
black,no
black,no
black,no
black,no
black,no
black,no
black,no
black,no
black,no
black,no
black,no
black,no
black,no
black,no
black,no
black,no
black,no
black,no
black,no
black,no
black,no
black,no
black,no
black,no
black,no
black,no
black,no
black,no
black,no
black,no
black,no
black,no
black,no
black,no
black,no
black,no
black,no
black,no
black,no
black,no
black,no
black,no
black,no
black,no
black,no
black,no
black,no
black,no
black,no
black,no
black,no
black,no
black,no
black,no
black,no
black,no
black,no
black,no
black,no
black,no
black,no
black,no
black,no
black,no
black,no
black,no
black,no
black,no
black,no
black,no
black,no
black,no
black,no
black,no
black,no
black,no
black,no
black,no
black,no
black,no
black,no
black,no
black,no
black,no
black,no
black,no
black,no
black,no
black,no
black,no
black,no
black,no
black,no
black,no
black,no
black,no
black,no
black,no
black,no
black,no
black,no
black,no
black,no
black,no
black,no
black,no
black,no
black,no
black,no
black,no
black,no
black,no
black,no
black,no
black,no
black,no
black,no
black,no
black,no
black,no
black,no
black,no
black,no
black,no
black,no
black,no
black,no
black,no
black,no
black,no
black,no
black,no
black,no
black,no
black,no
black,no
black,no
black,no
black,no
black,no
black,no
black,no
black,no
black,no
black,no
black,no
black,no
black,no
black,no
black,no
black,no
black,no
black,no
black,no
black,no
black,no
black,no
black,no
black,no
black,no
black,no
black,no
black,no
black,no
black,no
black,no
black,no
black,no
black,no
black,no
black,no
black,no
black,no
black,no
black,no
black,no
black,no
black,no
black,no
black,no
black,no
black,no
black,no
black,no
black,no
black,no
black,no
black,no
black,no
black,no
black,no
black,no
black,no
black,no
black,no
black,no
black,no
black,no
black,no
black,no
black,no
black,no
black,no
black,no
black,no
black,no
black,no
black,no
black,no
black,no
black,no
black,no
black,no
black,no
black,no
black,no
black,no
black,no
black,no
black,no
black,no
black,no
black,no
black,no
black,no
black,no
black,no
black,no
black,no
black,no
black,no
black,no
black,no
black,no
black,no
black,no
black,no
black,no
black,no
black,no
black,no
black,no
black,no
black,no
black,no
black,no
black,no
black,no
black,no
black,no
black,no
black,no
black,no
black,no
black,no
black,no
black,no
black,no
black,no
black,no
black,no
black,no
black,no
black,no
black,no
black,no
black,no
black,no
black,no
black,no
black,no
black,no
black,no
black,no
black,no
black,no
black,no
black,no
black,no
black,no
black,no
black,no
black,no
black,no
black,no
black,no
black,no
black,no
black,no
black,no
black,no
black,no
black,no
black,no
black,no
black,no
black,no
black,no
black,no
black,no
black,no
black,no
black,no
black,no
black,no
black,no
black,no
black,no
black,no
black,no
black,no
black,no
black,no
black,no
black,no
black,no
black,no
black,no
black,no
black,no
black,no
black,no
black,no
black,no
black,no
black,no
black,no
black,no
black,no
black,no
black,no
black,no
black,no
black,no
black,no
black,no
black,no
black,no
black,no
black,no
black,no
black,no
black,no
black,no
black,no
black,no
black,no
black,no
black,no
black,no
black,no
black,no
black,no
black,no
black,no
black,no
black,no
black,no
black,no
black,no
black,no
black,no
black,no
black,no
black,no
black,no
black,no
black,no
black,no
black,no
black,no
black,no
black,no
black,no
black,no
black,no
black,no
black,no
black,no
black,no
black,no
black,no
black,no
black,no
black,no
black,no
black,no
black,no
black,no
black,no
black,no
black,no
black,no
black,no
black,no
black,no
black,no
black,no
black,no
black,no
black,no
black,no
black,no
black,no
black,no
black,no
black,no
black,no
black,no
black,no
black,no
black,no
black,no
black,no
black,no
black,no
black,no
black,no
black,no
black,no
black,no
black,no
black,no
black,no
black,no
black,no
black,no
black,no
black,no
black,no
black,no
black,no
black,no
black,no
black,no
black,no
black,no
black,no
black,no
black,no
black,no
black,no
black,no
black,no
black,no
black,no
black,no
black,no
black,no
black,no
black,no
black,no
black,no
black,no
black,no
black,no
black,no
black,no
black,no
black,no
black,no
black,no
black,no
black,no
black,no
black,no
black,no
black,no
black,no
black,no
black,no
black,no
black,no
black,no
black,no
black,no
black,no
black,no
black,no
black,no
black,no
black,no
black,no
black,no
black,no
black,no
black,no
black,no
black,no
black,no
black,no
black,no
black,no
black,no
black,no
black,no
black,no
black,no
black,no
black,no
black,no
black,no
black,no
black,no
black,no
black,no
black,no
black,no
black,no
black,no
black,no
black,no
black,no
black,no
black,no
black,no
black,no
black,no
black,no
black,no
black,no
black,no
black,no
black,no
black,no
black,no
black,no
black,no
black,no
black,no
black,no
black,no
black,no
black,no
black,no
black,no
black,no
black,no
black,no
black,no
black,no
black,no
black,no
black,no
black,no
black,no
black,no
black,no
black,no
black,no
black,no
black,no
black,no
black,no
black,no
black,no
black,no
black,no
black,no
black,no
black,no
black,no
black,no
black,no
black,no
black,no
black,no
black,no
black,no
black,no
black,no
black,no
black,no
black,no
black,no
black,no
black,no
black,no
black,no
black,no
black,no
black,no
black,no
black,no
black,no
black,no
black,no
black,no
black,no
black,no
black,no
black,no
black,no
black,no
black,no
black,no
black,no
black,no
black,no
black,no
black,no
black,no
black,no
black,no
black,no
black,no
black,no
black,no
black,no
black,no
black,no
black,no
black,no
black,no
black,no
black,no
black,no
black,no
black,no
black,no
black,no
black,no
black,no
black,no
black,no
black,no
black,no
black,no
black,no
black,no
black,no
black,no
black,no
black,no
black,no
black,no
black,no
black,no
black,no
black,no
black,no
black,no
black,no
black,no
black,no
black,no
black,no
black,no
black,no
black,no
black,no
black,no
black,no
black,no
black,no
black,no
black,no
black,no
black,no
black,no
black,no
black,no
black,no
black,no
black,no
black,no
black,no
black,no
black,no
black,no
black,no
black,no
black,no
black,no
black,no
black,no
black,no
black,no
black,no
black,no
black,no
black,no
black,no
black,no
black,no
black,no
black,no
black,no
black,no
black,no
black,no
black,no
black,no
black,no
black,no
black,no
black,no
black,no
black,no
black,no
black,no
black,no
black,no
black,no
black,no
black,no
black,no
black,no
black,no
black,no
black,no
black,no
black,no
black,no
black,no
black,no
black,no
black,no
black,no
black,no
black,no
black,no
black,no
black,no
black,no
black,no
black,no
black,no
black,no
black,no
black,no
black,no
black,no
black,no
black,no
black,no
black,no
black,no
black,no
black,no
black,no
black,no
black,no
black,no
black,no
black,no
black,no
black,no
black,no
black,no
black,no
black,no
black,no
black,no
black,no
black,no
black,no
black,no
black,no
black,no
black,no
black,no
black,no
black,no
black,no
black,no
black,no
black,no
black,no
black,no
black,no
black,no
black,no
black,no
black,no
black,no
black,no
black,no
black,no
black,no
black,no
black,no
black,no
black,no
black,no
black,no
black,no
black,no
black,no
black,no
black,no
black,no
black,no
black,no
black,no
black,no
black,no
black,no
black,no
black,no
black,no
black,no
black,no
black,no
black,no
black,no
black,no
black,no
black,no
black,no
black,no
black,no
black,no
black,no
black,no
black,no
black,no
black,no
black,no
black,no
black,no
black,no
black,no
black,no
black,no
black,no
black,no
black,no
black,no
black,no
black,no
black,no
black,no
black,no
black,no
black,no
black,no
black,no
black,no
black,no
black,no
black,no
black,no
black,no
black,no
black,no
black,no
black,no
black,no
black,no
black,no
black,no
black,no
black,no
black,no
black,no
black,no
black,no
black,no
black,no
black,no
black,no
black,no
black,no
black,no
black,no
black,no
black,no
black,no
black,no
black,no
black,no
black,no
black,no
black,no
black,no
black,no
black,no
black,no
black,no
black,no
black,no
black,no
black,no
black,no
black,no
black,no
black,no
black,no
black,no
black,no
black,no
black,no
black,no
black,no
black,no
black,no
black,no
black,no
black,no
black,no
black,no
black,no
black,no
black,no
black,no
black,no
black,no
black,no
black,no
black,no
black,no
black,no
black,no
black,no
black,no
black,no
black,no
black,no
black,no
black,no
black,no
black,no
black,no
black,no
black,no
black,no
black,no
black,no
black,no
black,no
black,no
black,no
black,no
black,no
black,no
black,no
black,no
black,no
black,no
black,no
black,no
black,no
black,no
black,no
black,no
black,no
black,no
black,no
black,no
black,no
black,no
black,no
black,no
black,no
black,no
black,no
black,no
black,no
black,no
black,no
black,no
black,no
black,no
black,no
black,no
black,no
black,no
black,no
black,no
black,no
black,no
black,no
black,no
black,no
black,no
black,no
black,no
black,no
black,no
black,no
black,no
black,no
black,no
black,no
black,no
black,no
black,no
black,no
black,no
black,no
black,no
black,no
black,no
black,no
black,no
black,no
black,no
black,no
black,no
black,no
black,no
black,no
black,no
black,no
black,no
black,no
black,no
black,no
black,no
black,no
black,no
black,no
black,no
black,no
black,no
black,no
black,no
black,no
black,no
black,no
black,no
black,no
black,no
black,no
black,no
black,no
black,no
black,no
black,no
black,no
black,no
black,no
black,no
black,no
black,no
black,no
black,no
black,no
black,no
black,no
black,no
black,no
black,no
black,no
black,no
black,no
black,no
black,no
black,no
black,no
black,no
black,no
black,no
black,no
black,no
black,no
black,no
black,no
black,no
black,no
black,no
black,no
black,no
black,no
black,no
black,no
black,no
black,no
black,no
black,no
black,no
black,no
black,no
black,no
black,no
black,no
black,no
black,no
black,no
black,no
black,no
black,no
black,no
black,no
black,no
black,no
black,no
black,no
black,no
black,no
black,no
black,no
black,no
black,no
black,no
black,no
black,no
black,no
black,no
black,no
black,no
black,no
black,no
black,no
black,no
black,no
black,no
black,no
black,no
black,no
black,no
black,no
black,no
black,no
black,no
black,no
black,no
black,no
black,no
black,no
black,no
black,no
black,no
black,no
black,no
black,no
black,no
black,no
black,no
black,no
black,no
black,no
black,no
black,no
black,no
black,no
black,no
black,no
black,no
black,no
black,no
black,no
black,no
black,no
black,no
black,no
black,no
black,no
black,no
black,no
black,no
black,no
black,no
black,no
black,no
black,no
black,no
black,no
black,no
black,no
black,no
black,no
black,no
black,no
black,no
black,no
black,no
black,no
black,no
black,no
black,no
black,no
black,no
black,no
black,no
black,no
black,no
black,no
black,no
black,no
black,no
black,no
black,no
black,no
black,no
black,no
black,no
black,no
black,no
black,no
black,no
black,no
black,no
black,no
black,no
black,no
black,no
black,no
black,no
black,no
black,no
black,no
black,no
black,no
black,no
black,no
black,no
black,no
black,no
black,no
black,no
black,no
black,no
black,no
black,no
black,no
black,no
black,no
black,no
black,no
black,no
black,no
black,no
black,no
black,no
black,no
black,no
black,no
black,no
black,no
black,no
black,no
black,no
black,no
black,no
black,no
black,no
black,no
black,no
black,no
black,no
black,no
